{
  "usuarios": [
    {
      "id": "1",
      "nombre": "Cliente Demo",
      "email": "cliente@orderup.com",
      "telefono": "3001234567",
      "contraseña": "cliente123",
      "rol": "cliente",
      "fechaRegistro": "2025-01-01T00:00:00.000Z",
      "direccionPrincipal": "Calle 5 #10-20, Cali",
      "preferencias": {}
    },
    {
      "id": "2",
      "nombre": "Empleado Demo",
      "email": "empleado@orderup.com",
      "telefono": "3009876543",
      "contraseña": "empleado123",
      "rol": "empleado",
      "fechaRegistro": "2025-01-01T00:00:00.000Z",
      "area": "Almacén",
      "turno": "Mañana"
    },
    {
      "id": "3",
      "nombre": "Repartidor Demo",
      "email": "repartidor@orderup.com",
      "telefono": "3005554321",
      "contraseña": "repartidor123",
      "rol": "repartidor",
      "fechaRegistro": "2025-01-01T00:00:00.000Z",
      "vehiculo": "Moto",
      "zonaAsignada": "Norte",
      "estado": "Disponible"
    },
    {
      "id": "4",
      "nombre": "Admin Demo",
      "email": "admin@orderup.com",
      "telefono": "3001112233",
      "contraseña": "admin123",
      "rol": "admin",
      "fechaRegistro": "2025-01-01T00:00:00.000Z"
    },
    {
      "id": "eb2f",
      "idUsuario": "1764056388343",
      "nombre": "messi ronaldo",
      "email": "carlosbisbal08@gmail.com",
      "telefono": "320336456",
      "contraseña": "123456",
      "rol": "cliente",
      "fechaRegistro": "2025-11-25T07:39:48.343Z",
      "direccionPrincipal": "calle 5#mes",
      "preferencias": {}
    },
    {
      "id": "6342",
      "idUsuario": "1764057690194",
      "nombre": "daniel",
      "email": "carlosbisbal@gmail.com",
      "telefono": "3364685455",
      "contraseña": "1234567",
      "rol": "cliente",
      "fechaRegistro": "2025-11-25T08:01:30.194Z",
      "direccionPrincipal": "calle 5#mes",
      "preferencias": {}
    },
    {
      "id": "a211",
      "idUsuario": "1764138656478",
      "nombre": "messi cortes",
      "email": "messi@orderup.com",
      "telefono": "3009876543",
      "contraseña": "123456",
      "rol": "cliente",
      "fechaRegistro": "2025-11-26T06:30:56.478Z",
      "direccionPrincipal": "calle 5#mes",
      "preferencias": {}
    },
    {
      "id": "a60f",
      "idUsuario": "1764138713410",
      "nombre": "messi ronaldo",
      "email": "Empleadomessi@orderup.com",
      "telefono": "3364685455",
      "contraseña": "123456",
      "rol": "cliente",
      "fechaRegistro": "2025-11-26T06:31:53.410Z",
      "direccionPrincipal": "calle 5#mes",
      "preferencias": {}
    },
    {
      "id": "1764139138690",
      "idUsuario": "1764139138690",
      "nombre": "trabajador david",
      "email": "david@orderup.com",
      "telefono": "3364685455",
      "contraseña": "1234567",
      "rol": "empleado",
      "fechaRegistro": "2025-11-26T06:38:58.690Z",
      "area": "Almacén",
      "turno": "Mañana"
    },
    {
      "id": "1764139735000",
      "idUsuario": "1764139735000",
      "nombre": "danielR",
      "email": "daniel@orderup.com",
      "telefono": "5654523654",
      "contraseña": "1234567",
      "rol": "repartidor",
      "fechaRegistro": "2025-11-26T06:48:55.000Z",
      "vehiculo": "Automóvil",
      "zonaAsignada": "Norte",
      "estado": "Disponible"
    }
  ],
  "productos": [
    {
      "idProducto": "1",
      "nombre": "Pizza Hawaiana",
      "descripcion": "Deliciosa pizza con piña, jamón y queso mozzarella",
      "precio": 35000,
      "categoria": "Pizzas",
      "imagen": "https://images.unsplash.com/photo-1565299624946-b28f40a0ae38?w=400",
      "disponible": true,
      "id": "f1df"
    },
    {
      "idProducto": "2",
      "nombre": "Hamburguesa Clásica",
      "descripcion": "Hamburguesa de carne con lechuga, tomate, cebolla y queso",
      "precio": 25000,
      "categoria": "Hamburguesas",
      "imagen": "https://images.unsplash.com/photo-1568901346375-23c9450c58cd?w=400",
      "disponible": true,
      "id": "7ac7"
    },
    {
      "idProducto": "3",
      "nombre": "Ensalada César",
      "descripcion": "Lechuga romana, pollo, crutones y aderezo césar",
      "precio": 18000,
      "categoria": "Ensaladas",
      "imagen": "https://images.unsplash.com/photo-1546793665-c74683f339c1?w=400",
      "disponible": true,
      "id": "0596"
    },
    {
      "idProducto": "4",
      "nombre": "Pasta Carbonara",
      "descripcion": "Pasta con salsa cremosa, tocino y queso parmesano",
      "precio": 28000,
      "categoria": "Pastas",
      "imagen": "https://images.unsplash.com/photo-1612874742237-6526221588e3?w=400",
      "disponible": true,
      "id": "1949"
    },
    {
      "idProducto": "5",
      "nombre": "Burrito Mexicano",
      "descripcion": "Tortilla con carne, frijoles, arroz, queso y guacamole",
      "precio": 22000,
      "categoria": "Mexicana",
      "imagen": "https://images.unsplash.com/photo-1626700051175-6818013e1d4f?w=400",
      "disponible": true,
      "id": "87f5"
    },
    {
      "idProducto": "6",
      "nombre": "Sushi Roll",
      "descripcion": "8 piezas de sushi roll con salmón, aguacate y pepino",
      "precio": 32000,
      "categoria": "Japonesa",
      "imagen": "https://images.unsplash.com/photo-1579584425555-c3ce17fd4351?w=400",
      "disponible": true,
      "id": "b3f8"
    }
  ],
  "pedidos": [
    {
      "idPedido": "PED-1737800000001",
      "fechaHora": "2025-11-20T10:30:00.000Z",
      "estado": "Entregado",
      "metodoPago": "Tarjeta",
      "direccionEntrega": "Calle 5 #10-20, Cali",
      "total": 70000,
      "observaciones": "Sin cebolla",
      "cliente": {
        "idUsuario": "1",
        "nombre": "Cliente Demo",
        "telefono": "3001234567"
      },
      "detalles": [
        {
          "idDetalle": "1",
          "producto": {
            "idProducto": "1",
            "nombre": "Pizza Hawaiana",
            "precio": 35000
          },
          "cantidad": 2,
          "precioUnitario": 35000,
          "subtotal": 70000,
          "personalizaciones": "Sin cebolla"
        }
      ],
      "repartidor": {
        "idUsuario": "3",
        "nombre": "Repartidor Demo"
      },
      "ultimaActualizacion": "2025-11-20T12:30:00.000Z",
      "id": "89f2"
    },
    {
      "id": "5938",
      "idPedido": "PED-1764056405632",
      "fechaHora": "2025-11-25T07:40:05.632Z",
      "estado": "Entregado",
      "cliente": {
        "idUsuario": "1764056388343",
        "nombre": "messi ronaldo",
        "telefono": "3364685455"
      },
      "detalles": [
        {
          "idDetalle": "1",
          "producto": {
            "idProducto": "2",
            "nombre": "Hamburguesa Clásica",
            "precio": 25000
          },
          "cantidad": 1,
          "precioUnitario": 25000,
          "subtotal": 25000,
          "personalizaciones": ""
        }
      ],
      "metodoPago": "Efectivo",
      "direccionEntrega": "calle 5#mes",
      "total": 25000,
      "observaciones": "",
      "ultimaActualizacion": "2025-11-26T00:16:35.225Z",
      "repartidor": {
        "idUsuario": "3",
        "nombre": "Repartidor Demo",
        "telefono": "3005554321"
      }
    },
    {
      "id": "e2ec",
      "idPedido": "PED-1764057405624",
      "fechaHora": "2025-11-25T07:56:45.624Z",
      "estado": "Entregado",
      "cliente": {
        "nombre": "Cliente Demo",
        "telefono": "3001234567"
      },
      "detalles": [
        {
          "idDetalle": "1",
          "producto": {
            "idProducto": "5",
            "nombre": "Burrito Mexicano",
            "precio": 22000
          },
          "cantidad": 3,
          "precioUnitario": 22000,
          "subtotal": 66000,
          "personalizaciones": ""
        },
        {
          "idDetalle": "2",
          "producto": {
            "idProducto": "3",
            "nombre": "Ensalada César",
            "precio": 18000
          },
          "cantidad": 2,
          "precioUnitario": 18000,
          "subtotal": 36000,
          "personalizaciones": ""
        }
      ],
      "metodoPago": "Tarjeta",
      "direccionEntrega": "Calle 5 #10-20, Cali",
      "total": 102000,
      "observaciones": "sin cebolla",
      "ultimaActualizacion": "2025-11-26T00:17:05.328Z",
      "repartidor": {
        "idUsuario": "3",
        "nombre": "Repartidor Demo",
        "telefono": "3005554321"
      }
    },
    {
      "id": "033c",
      "idPedido": "PED-1764101524663",
      "fechaHora": "2025-11-25T20:12:04.663Z",
      "estado": "Entregado",
      "cliente": {
        "nombre": "Cliente Demo",
        "telefono": "3001234567"
      },
      "detalles": [
        {
          "idDetalle": "1",
          "producto": {
            "idProducto": "2",
            "nombre": "Hamburguesa Clásica",
            "precio": 25000
          },
          "cantidad": 1,
          "precioUnitario": 25000,
          "subtotal": 25000,
          "personalizaciones": ""
        }
      ],
      "metodoPago": "Efectivo",
      "direccionEntrega": "Calle 5 #10-20, Cali",
      "total": 25000,
      "observaciones": "",
      "ultimaActualizacion": "2025-11-26T00:16:45.929Z",
      "repartidor": {
        "idUsuario": "3",
        "nombre": "Repartidor Demo",
        "telefono": "3005554321"
      }
    },
    {
      "id": "PED-1764114884375",
      "idPedido": "PED-1764114884375",
      "fechaHora": "2025-11-25T23:54:44.375Z",
      "estado": "Entregado",
      "cliente": {
        "nombre": "Cliente Demo",
        "telefono": "3001234567"
      },
      "detalles": [
        {
          "idDetalle": "1",
          "producto": {
            "idProducto": "2",
            "nombre": "Hamburguesa Clásica",
            "precio": 25000
          },
          "cantidad": 1,
          "precioUnitario": 25000,
          "subtotal": 25000,
          "personalizaciones": ""
        }
      ],
      "metodoPago": "Efectivo",
      "direccionEntrega": "Calle 5 #10-20, Cali",
      "total": 25000,
      "observaciones": "",
      "ultimaActualizacion": "2025-11-26T00:15:59.049Z",
      "repartidor": {
        "idUsuario": "3",
        "nombre": "Repartidor Demo",
        "telefono": "3005554321"
      }
    },
    {
      "id": "PED-1764117327569",
      "idPedido": "PED-1764117327569",
      "fechaHora": "2025-11-26T00:35:27.569Z",
      "estado": "Entregado",
      "cliente": {
        "nombre": "Cliente Demo",
        "telefono": "3001234567"
      },
      "detalles": [
        {
          "idDetalle": "1",
          "producto": {
            "idProducto": "2",
            "nombre": "Hamburguesa Clásica",
            "precio": 25000
          },
          "cantidad": 4,
          "precioUnitario": 25000,
          "subtotal": 25000,
          "personalizaciones": ""
        },
        {
          "idDetalle": "2",
          "producto": {
            "idProducto": "3",
            "nombre": "Ensalada César",
            "precio": 18000
          },
          "cantidad": 1,
          "precioUnitario": 18000,
          "subtotal": 18000,
          "personalizaciones": ""
        },
        {
          "idDetalle": "3",
          "producto": {
            "idProducto": "1",
            "nombre": "Pizza Hawaiana",
            "precio": 35000
          },
          "cantidad": 1,
          "precioUnitario": 35000,
          "subtotal": 35000,
          "personalizaciones": ""
        }
      ],
      "metodoPago": "Efectivo",
      "direccionEntrega": "Calle 5 #10-20, Cali",
      "total": 78000,
      "observaciones": "",
      "ultimaActualizacion": "2025-11-26T00:37:55.269Z",
      "repartidor": {
        "idUsuario": "3",
        "nombre": "Repartidor Demo",
        "telefono": "3005554321"
      }
    },
    {
      "id": "PED-1764120526388",
      "idPedido": "PED-1764120526388",
      "fechaHora": "2025-11-26T01:28:46.388Z",
      "estado": "Entregado",
      "cliente": {
        "idUsuario": "1764057690194",
        "nombre": "daniel",
        "telefono": "3364685455"
      },
      "detalles": [
        {
          "idDetalle": "1",
          "producto": {
            "idProducto": "2",
            "nombre": "Hamburguesa Clásica",
            "precio": 25000
          },
          "cantidad": 1,
          "precioUnitario": 25000,
          "subtotal": 25000,
          "personalizaciones": ""
        },
        {
          "idDetalle": "2",
          "producto": {
            "idProducto": "1",
            "nombre": "Pizza Hawaiana",
            "precio": 35000
          },
          "cantidad": 1,
          "precioUnitario": 35000,
          "subtotal": 35000,
          "personalizaciones": ""
        }
      ],
      "metodoPago": "Tarjeta",
      "direccionEntrega": "calle 5#mes",
      "total": 60000,
      "observaciones": "con ñapa",
      "ultimaActualizacion": "2025-11-26T01:33:51.968Z",
      "repartidor": {
        "idUsuario": "3",
        "nombre": "Repartidor Demo",
        "telefono": "3005554321"
      }
    },
    {
      "id": "PED-1764121229230",
      "idPedido": "PED-1764121229230",
      "fechaHora": "2025-11-26T01:40:29.230Z",
      "estado": "Entregado",
      "cliente": {
        "idUsuario": "1764057690194",
        "nombre": "daniel",
        "telefono": "3364685455"
      },
      "detalles": [
        {
          "idDetalle": "1",
          "producto": {
            "idProducto": "2",
            "nombre": "Hamburguesa Clásica",
            "precio": 25000
          },
          "cantidad": 2,
          "precioUnitario": 25000,
          "subtotal": 25000,
          "personalizaciones": ""
        },
        {
          "idDetalle": "2",
          "producto": {
            "idProducto": "1",
            "nombre": "Pizza Hawaiana",
            "precio": 35000
          },
          "cantidad": 1,
          "precioUnitario": 35000,
          "subtotal": 35000,
          "personalizaciones": ""
        }
      ],
      "metodoPago": "Efectivo",
      "direccionEntrega": "calle 5#mes",
      "total": 60000,
      "observaciones": "sin cebolla",
      "ultimaActualizacion": "2025-11-26T06:13:24.601Z",
      "repartidor": {
        "idUsuario": "3",
        "nombre": "Repartidor Demo",
        "telefono": "3005554321"
      }
    },
    {
      "id": "PED-1764122233385",
      "idPedido": "PED-1764122233385",
      "fechaHora": "2025-11-26T01:57:13.385Z",
      "estado": "Entregado",
      "cliente": {
        "idUsuario": "1764057690194",
        "nombre": "daniel1",
        "telefono": "3364685455"
      },
      "detalles": [
        {
          "idDetalle": "1",
          "producto": {
            "idProducto": "1",
            "nombre": "Pizza Hawaiana",
            "precio": 35000
          },
          "cantidad": 1,
          "precioUnitario": 35000,
          "subtotal": 35000,
          "personalizaciones": ""
        },
        {
          "idDetalle": "2",
          "producto": {
            "idProducto": "2",
            "nombre": "Hamburguesa Clásica",
            "precio": 25000
          },
          "cantidad": 1,
          "precioUnitario": 25000,
          "subtotal": 25000,
          "personalizaciones": ""
        }
      ],
      "metodoPago": "Efectivo",
      "direccionEntrega": "calle 5#mes",
      "total": 60000,
      "observaciones": "",
      "ultimaActualizacion": "2025-11-26T07:14:03.220Z",
      "repartidor": {
        "idUsuario": "3",
        "nombre": "Repartidor Demo",
        "telefono": "3005554321"
      }
    },
    {
      "id": "PED-1764122476149",
      "idPedido": "PED-1764122476149",
      "fechaHora": "2025-11-26T02:01:16.149Z",
      "estado": "Entregado",
      "cliente": {
        "idUsuario": "1764057690194",
        "nombre": "daniel1",
        "telefono": "3364685455"
      },
      "detalles": [
        {
          "idDetalle": "1",
          "producto": {
            "idProducto": "4",
            "nombre": "Pasta Carbonara",
            "precio": 28000
          },
          "cantidad": 1,
          "precioUnitario": 28000,
          "subtotal": 28000,
          "personalizaciones": ""
        }
      ],
      "metodoPago": "Efectivo",
      "direccionEntrega": "calle 5#mes",
      "total": 28000,
      "observaciones": "",
      "ultimaActualizacion": "2025-11-26T07:13:51.909Z",
      "repartidor": {
        "idUsuario": "3",
        "nombre": "Repartidor Demo",
        "telefono": "3005554321"
      }
    },
    {
      "id": "PED-1764122748445",
      "idPedido": "PED-1764122748445",
      "fechaHora": "2025-11-26T02:05:48.445Z",
      "estado": "Entregado",
      "cliente": {
        "idUsuario": "1764057690194",
        "nombre": "daniel1",
        "telefono": "3364685455"
      },
      "detalles": [
        {
          "idDetalle": "1",
          "producto": {
            "idProducto": "4",
            "nombre": "Pasta Carbonara",
            "precio": 28000
          },
          "cantidad": 1,
          "precioUnitario": 28000,
          "subtotal": 28000,
          "personalizaciones": ""
        },
        {
          "idDetalle": "2",
          "producto": {
            "idProducto": "1",
            "nombre": "Pizza Hawaiana",
            "precio": 35000
          },
          "cantidad": 1,
          "precioUnitario": 35000,
          "subtotal": 35000,
          "personalizaciones": ""
        }
      ],
      "metodoPago": "Efectivo",
      "direccionEntrega": "calle 5#mes",
      "total": 63000,
      "observaciones": "",
      "ultimaActualizacion": "2025-11-26T03:10:15.468Z",
      "repartidor": {
        "idUsuario": "3",
        "nombre": "Repartidor Demo",
        "telefono": "3005554321"
      }
    },
    {
      "id": "PED-1764136318593",
      "idPedido": "PED-1764136318593",
      "fechaHora": "2025-11-26T05:51:58.593Z",
      "estado": "Entregado",
      "cliente": {
        "nombre": "Cliente Demo",
        "telefono": "3001234567"
      },
      "detalles": [
        {
          "idDetalle": "1",
          "producto": {
            "idProducto": "2",
            "nombre": "Hamburguesa Clásica",
            "precio": 25000
          },
          "cantidad": 1,
          "precioUnitario": 25000,
          "subtotal": 25000,
          "personalizaciones": ""
        },
        {
          "idDetalle": "2",
          "producto": {
            "idProducto": "3",
            "nombre": "Ensalada César",
            "precio": 18000
          },
          "cantidad": 1,
          "precioUnitario": 18000,
          "subtotal": 18000,
          "personalizaciones": ""
        }
      ],
      "metodoPago": "Efectivo",
      "direccionEntrega": "Calle 5 #10-20, Cali",
      "total": 43000,
      "observaciones": "",
      "ultimaActualizacion": "2025-11-26T06:13:20.198Z",
      "repartidor": {
        "idUsuario": "3",
        "nombre": "Repartidor Demo",
        "telefono": "3005554321"
      }
    },
    {
      "id": "PED-1764137528163",
      "idPedido": "PED-1764137528163",
      "fechaHora": "2025-11-26T06:12:08.163Z",
      "estado": "Entregado",
      "cliente": {
        "nombre": "Cliente Demo",
        "telefono": "3001234567"
      },
      "detalles": [
        {
          "idDetalle": "1",
          "producto": {
            "idProducto": "2",
            "nombre": "Hamburguesa Clásica",
            "precio": 25000
          },
          "cantidad": 1,
          "precioUnitario": 25000,
          "subtotal": 25000,
          "personalizaciones": ""
        }
      ],
      "metodoPago": "Efectivo",
      "direccionEntrega": "Calle 5 #10-20, Cali",
      "total": 25000,
      "observaciones": "",
      "ultimaActualizacion": "2025-11-26T06:13:15.306Z",
      "repartidor": {
        "idUsuario": "3",
        "nombre": "Repartidor Demo",
        "telefono": "3005554321"
      }
    },
    {
      "id": "PED-1764139791709",
      "idPedido": "PED-1764139791709",
      "fechaHora": "2025-11-26T06:49:51.709Z",
      "estado": "Entregado",
      "cliente": {
        "nombre": "Cliente Demo",
        "telefono": "3001234567"
      },
      "detalles": [
        {
          "idDetalle": "1",
          "producto": {
            "idProducto": "2",
            "nombre": "Hamburguesa Clásica",
            "precio": 25000
          },
          "cantidad": 2,
          "precioUnitario": 25000,
          "subtotal": 25000,
          "personalizaciones": ""
        },
        {
          "idDetalle": "2",
          "producto": {
            "idProducto": "1",
            "nombre": "Pizza Hawaiana",
            "precio": 35000
          },
          "cantidad": 1,
          "precioUnitario": 35000,
          "subtotal": 35000,
          "personalizaciones": ""
        }
      ],
      "metodoPago": "Efectivo",
      "direccionEntrega": "Calle 5 #10-20, Cali",
      "total": 60000,
      "observaciones": "",
      "ultimaActualizacion": "2025-11-26T06:50:57.213Z",
      "repartidor": {
        "idUsuario": "1764139735000",
        "nombre": "daniel",
        "telefono": "3364685455"
      }
    },
    {
      "id": "PED-1764140968951",
      "idPedido": "PED-1764140968951",
      "fechaHora": "2025-11-26T07:09:28.951Z",
      "estado": "Entregado",
      "cliente": {
        "nombre": "Cliente Demo",
        "telefono": "3001234567"
      },
      "detalles": [
        {
          "idDetalle": "1",
          "producto": {
            "idProducto": "2",
            "nombre": "Hamburguesa Clásica",
            "precio": 25000
          },
          "cantidad": 1,
          "precioUnitario": 25000,
          "subtotal": 25000,
          "personalizaciones": ""
        }
      ],
      "metodoPago": "Efectivo",
      "direccionEntrega": "Calle 5 #10-20, Cali",
      "total": 25000,
      "observaciones": "",
      "ultimaActualizacion": "2025-11-26T07:10:54.864Z",
      "repartidor": {
        "idUsuario": "1764139735000",
        "nombre": "daniel",
        "telefono": "3364685455"
      }
    },
    {
      "id": "PED-1764141967636",
      "idPedido": "PED-1764141967636",
      "fechaHora": "2025-11-26T07:26:07.636Z",
      "estado": "Entregado",
      "cliente": {
        "nombre": "Cliente Demo",
        "telefono": "3001234567"
      },
      "detalles": [
        {
          "idDetalle": "1",
          "producto": {
            "idProducto": "2",
            "nombre": "Hamburguesa Clásica",
            "precio": 25000
          },
          "cantidad": 1,
          "precioUnitario": 25000,
          "subtotal": 25000,
          "personalizaciones": ""
        }
      ],
      "metodoPago": "Efectivo",
      "direccionEntrega": "Calle 5 #10-20, Cali",
      "total": 25000,
      "observaciones": "",
      "ultimaActualizacion": "2025-11-26T07:28:16.039Z",
      "repartidor": {
        "idUsuario": "1764139735000",
        "nombre": "daniel",
        "telefono": "3364685455"
      }
    },
    {
      "id": "PED-1764142162407",
      "idPedido": "PED-1764142162407",
      "fechaHora": "2025-11-26T07:29:22.407Z",
      "estado": "Entregado",
      "cliente": {
        "nombre": "Cliente Demo",
        "telefono": "3001234567"
      },
      "detalles": [
        {
          "idDetalle": "1",
          "producto": {
            "idProducto": "3",
            "nombre": "Ensalada César",
            "precio": 18000
          },
          "cantidad": 1,
          "precioUnitario": 18000,
          "subtotal": 18000,
          "personalizaciones": ""
        }
      ],
      "metodoPago": "Efectivo",
      "direccionEntrega": "Calle 5 #10-20, Cali",
      "total": 18000,
      "observaciones": "",
      "ultimaActualizacion": "2025-11-26T07:43:16.226Z",
      "repartidor": {
        "idUsuario": "3",
        "nombre": "Repartidor Demo",
        "telefono": "3005554321"
      }
    },
    {
      "id": "PED-1764145163332",
      "idPedido": "PED-1764145163332",
      "fechaHora": "2025-11-26T08:19:23.332Z",
      "estado": "Entregado",
      "cliente": {
        "idUsuario": "1764057690194",
        "nombre": "daniel",
        "telefono": "3026938468"
      },
      "detalles": [
        {
          "idDetalle": "1",
          "producto": {
            "idProducto": "2",
            "nombre": "Hamburguesa Clásica",
            "precio": 25000
          },
          "cantidad": 1,
          "precioUnitario": 25000,
          "subtotal": 25000,
          "personalizaciones": ""
        }
      ],
      "metodoPago": "Efectivo",
      "direccionEntrega": "calle 5#mes",
      "total": 25000,
      "observaciones": "",
      "ultimaActualizacion": "2025-11-26T08:20:29.167Z",
      "repartidor": {
        "idUsuario": "1764139735000",
        "nombre": "daniel",
        "telefono": "3364685455"
      }
    },
    {
      "id": "PED-1764187031312",
      "idPedido": "PED-1764187031312",
      "fechaHora": "2025-11-26T19:57:11.312Z",
      "estado": "Entregado",
      "cliente": {
        "idUsuario": "1764057690194",
        "nombre": "daniel",
        "telefono": "3026938468"
      },
      "detalles": [
        {
          "idDetalle": "1",
          "producto": {
            "idProducto": "3",
            "nombre": "Ensalada César",
            "precio": 18000
          },
          "cantidad": 1,
          "precioUnitario": 18000,
          "subtotal": 18000,
          "personalizaciones": ""
        },
        {
          "idDetalle": "2",
          "producto": {
            "idProducto": "2",
            "nombre": "Hamburguesa Clásica",
            "precio": 25000
          },
          "cantidad": 1,
          "precioUnitario": 25000,
          "subtotal": 25000,
          "personalizaciones": ""
        }
      ],
      "metodoPago": "Efectivo",
      "direccionEntrega": "calle 5#mes",
      "total": 43000,
      "observaciones": "",
      "ultimaActualizacion": "2025-11-29T10:20:51.245Z",
      "repartidor": {
        "idUsuario": "1764139735000",
        "nombre": "daniel",
        "telefono": "3364685455"
      }
    },
    {
      "id": "PED-1764188161386",
      "idPedido": "PED-1764188161386",
      "fechaHora": "2025-11-26T20:16:01.386Z",
      "estado": "Entregado",
      "cliente": {
        "idUsuario": "1764057690194",
        "nombre": "daniel",
        "telefono": "315 4996189",
        "email": "carlosbisbal@gmail.com"
      },
      "detalles": [
        {
          "idDetalle": "1",
          "producto": {
            "idProducto": "2",
            "nombre": "Hamburguesa Clásica",
            "precio": 25000
          },
          "cantidad": 1,
          "precioUnitario": 25000,
          "subtotal": 25000,
          "personalizaciones": ""
        }
      ],
      "metodoPago": "Efectivo",
      "direccionEntrega": "calle 5#mes",
      "total": 25000,
      "observaciones": "",
      "ultimaActualizacion": "2025-11-29T10:20:55.197Z",
      "repartidor": {
        "idUsuario": "1764139735000",
        "nombre": "daniel",
        "telefono": "5654523654"
      }
    },
    {
      "id": "PED-1764188244686",
      "idPedido": "PED-1764188244686",
      "fechaHora": "2025-11-26T20:17:24.686Z",
      "estado": "Entregado",
      "cliente": {
        "idUsuario": "1764057690194",
        "nombre": "daniel",
        "telefono": "3026938468",
        "email": "carlosbisbal@gmail.com"
      },
      "detalles": [
        {
          "idDetalle": "1",
          "producto": {
            "idProducto": "2",
            "nombre": "Hamburguesa Clásica",
            "precio": 25000
          },
          "cantidad": 1,
          "precioUnitario": 25000,
          "subtotal": 25000,
          "personalizaciones": ""
        }
      ],
      "metodoPago": "Efectivo",
      "direccionEntrega": "calle 5#mes",
      "total": 25000,
      "observaciones": "",
      "ultimaActualizacion": "2025-11-26T23:36:14.212Z",
      "repartidor": {
        "idUsuario": "3",
        "nombre": "Repartidor Demo",
        "telefono": "3005554321"
      }
    },
    {
      "id": "PED-1764188346561",
      "idPedido": "PED-1764188346561",
      "fechaHora": "2025-11-26T20:19:06.561Z",
      "estado": "Entregado",
      "cliente": {
        "idUsuario": "1764057690194",
        "nombre": "daniel",
        "telefono": "3026938468"
      },
      "detalles": [
        {
          "idDetalle": "1",
          "producto": {
            "idProducto": "2",
            "nombre": "Hamburguesa Clásica",
            "precio": 25000
          },
          "cantidad": 1,
          "precioUnitario": 25000,
          "subtotal": 25000,
          "personalizaciones": ""
        }
      ],
      "metodoPago": "Efectivo",
      "direccionEntrega": "calle 5#mes",
      "total": 25000,
      "observaciones": "",
      "ultimaActualizacion": "2025-11-29T10:21:00.520Z",
      "repartidor": {
        "idUsuario": "1764139735000",
        "nombre": "daniel",
        "telefono": "5654523654"
      }
    },
    {
      "id": "PED-1764192231009",
      "idPedido": "PED-1764192231009",
      "fechaHora": "2025-11-26T21:23:51.009Z",
      "estado": "Entregado",
      "cliente": {
        "nombre": "Cliente Demo",
        "telefono": "3001234567"
      },
      "detalles": [
        {
          "idDetalle": "1",
          "producto": {
            "idProducto": "2",
            "nombre": "Hamburguesa Clásica",
            "precio": 25000
          },
          "cantidad": 1,
          "precioUnitario": 25000,
          "subtotal": 25000,
          "personalizaciones": ""
        }
      ],
      "metodoPago": "Efectivo",
      "direccionEntrega": "Calle 5 #10-20, Cali",
      "total": 25000,
      "observaciones": "",
      "ultimaActualizacion": "2025-11-29T10:20:45.646Z",
      "repartidor": {
        "idUsuario": "1764139735000",
        "nombre": "daniel",
        "telefono": "5654523654"
      }
    },
    {
      "id": "PED-1764192356061",
      "idPedido": "PED-1764192356061",
      "fechaHora": "2025-11-26T21:25:56.061Z",
      "estado": "Entregado",
      "cliente": {
        "nombre": "Cliente Demo",
        "telefono": "3001234567"
      },
      "detalles": [
        {
          "idDetalle": "1",
          "producto": {
            "idProducto": "3",
            "nombre": "Ensalada César",
            "precio": 18000
          },
          "cantidad": 1,
          "precioUnitario": 18000,
          "subtotal": 18000,
          "personalizaciones": ""
        }
      ],
      "metodoPago": "Efectivo",
      "direccionEntrega": "Calle 5 #10-20, Cali",
      "total": 18000,
      "observaciones": "",
      "ultimaActualizacion": "2025-11-29T10:21:04.312Z",
      "repartidor": {
        "idUsuario": "1764139735000",
        "nombre": "daniel",
        "telefono": "5654523654"
      }
    },
    {
      "id": "PED-1764192599115",
      "idPedido": "PED-1764192599115",
      "fechaHora": "2025-11-26T21:29:59.115Z",
      "estado": "Entregado",
      "cliente": {
        "nombre": "Cliente Demo",
        "telefono": "3001234567"
      },
      "detalles": [
        {
          "idDetalle": "1",
          "producto": {
            "idProducto": "2",
            "nombre": "Hamburguesa Clásica",
            "precio": 25000
          },
          "cantidad": 1,
          "precioUnitario": 25000,
          "subtotal": 25000,
          "personalizaciones": ""
        }
      ],
      "metodoPago": "Efectivo",
      "direccionEntrega": "Calle 5 #10-20, Cali",
      "total": 25000,
      "observaciones": "",
      "ultimaActualizacion": "2025-11-29T10:20:41.479Z",
      "repartidor": {
        "idUsuario": "1764139735000",
        "nombre": "daniel",
        "telefono": "5654523654"
      }
    },
    {
      "id": "PED-1764198913165",
      "idPedido": "PED-1764198913165",
      "fechaHora": "2025-11-26T23:15:13.165Z",
      "estado": "Entregado",
      "cliente": {
        "nombre": "Cliente Demo",
        "telefono": "3001234567"
      },
      "detalles": [
        {
          "idDetalle": "1",
          "producto": {
            "idProducto": "2",
            "nombre": "Hamburguesa Clásica",
            "precio": 25000
          },
          "cantidad": 1,
          "precioUnitario": 25000,
          "subtotal": 25000,
          "personalizaciones": ""
        }
      ],
      "metodoPago": "Efectivo",
      "direccionEntrega": "Calle 5 #10-20, Cali",
      "total": 25000,
      "observaciones": "",
      "ultimaActualizacion": "2025-11-29T10:20:36.975Z",
      "repartidor": {
        "idUsuario": "1764139735000",
        "nombre": "daniel",
        "telefono": "5654523654"
      }
    },
    {
      "id": "PED-1764200142974",
      "idPedido": "PED-1764200142974",
      "fechaHora": "2025-11-26T23:35:42.974Z",
      "estado": "Entregado",
      "cliente": {
        "nombre": "Cliente Demo",
        "telefono": "3001234567"
      },
      "detalles": [
        {
          "idDetalle": "1",
          "producto": {
            "idProducto": "2",
            "nombre": "Hamburguesa Clásica",
            "precio": 25000
          },
          "cantidad": 1,
          "precioUnitario": 25000,
          "subtotal": 25000,
          "personalizaciones": ""
        }
      ],
      "metodoPago": "Efectivo",
      "direccionEntrega": "Calle 5 #10-20, Cali",
      "total": 25000,
      "observaciones": "",
      "ultimaActualizacion": "2025-11-27T21:39:33.242Z",
      "repartidor": {
        "idUsuario": "3",
        "nombre": "Repartidor Demo",
        "telefono": "3005554321"
      }
    },
    {
      "id": "PED-1764202172255",
      "idPedido": "PED-1764202172255",
      "fechaHora": "2025-11-27T00:09:32.255Z",
      "estado": "Entregado",
      "cliente": {
        "nombre": "Cliente Demo",
        "telefono": "3001234567"
      },
      "detalles": [
        {
          "idDetalle": "1",
          "producto": {
            "idProducto": "2",
            "nombre": "Hamburguesa Clásica",
            "precio": 25000
          },
          "cantidad": 1,
          "precioUnitario": 25000,
          "subtotal": 25000,
          "personalizaciones": ""
        }
      ],
      "metodoPago": "Efectivo",
      "direccionEntrega": "Calle 5 #10-20, Cali",
      "total": 25000,
      "observaciones": "",
      "ultimaActualizacion": "2025-11-27T21:39:29.758Z",
      "repartidor": {
        "idUsuario": "3",
        "nombre": "Repartidor Demo",
        "telefono": "3005554321"
      }
    },
    {
      "id": "PED-1764203330491",
      "idPedido": "PED-1764203330491",
      "fechaHora": "2025-11-27T00:28:50.491Z",
      "estado": "Entregado",
      "cliente": {
        "nombre": "Cliente Demo",
        "telefono": "3001234567"
      },
      "detalles": [
        {
          "idDetalle": "1",
          "producto": {
            "idProducto": "2",
            "nombre": "Hamburguesa Clásica",
            "precio": 25000
          },
          "cantidad": 1,
          "precioUnitario": 25000,
          "subtotal": 25000,
          "personalizaciones": ""
        }
      ],
      "metodoPago": "Efectivo",
      "direccionEntrega": "Calle 5 #10-20, Cali",
      "total": 25000,
      "observaciones": "",
      "ultimaActualizacion": "2025-11-27T00:29:32.603Z",
      "repartidor": {
        "idUsuario": "3",
        "nombre": "Repartidor Demo",
        "telefono": "3005554321"
      }
    },
    {
      "id": "PED-1764279096871",
      "idPedido": "PED-1764279096871",
      "fechaHora": "2025-11-27T21:31:36.871Z",
      "estado": "Entregado",
      "cliente": {
        "nombre": "Cliente Demo",
        "telefono": "3001234567"
      },
      "detalles": [
        {
          "idDetalle": "1",
          "producto": {
            "idProducto": "2",
            "nombre": "Hamburguesa Clásica",
            "precio": 25000
          },
          "cantidad": 2,
          "precioUnitario": 25000,
          "subtotal": 50000,
          "personalizaciones": ""
        }
      ],
      "metodoPago": "Efectivo",
      "direccionEntrega": "Calle 5 #10-20, Cali",
      "total": 50000,
      "observaciones": "",
      "ultimaActualizacion": "2025-11-27T21:39:22.742Z",
      "repartidor": {
        "idUsuario": "3",
        "nombre": "Repartidor Demo",
        "telefono": "3005554321"
      }
    },
    {
      "id": "PED-1764406483658",
      "idPedido": "PED-1764406483658",
      "fechaHora": "2025-11-29T08:54:43.658Z",
      "estado": "Entregado",
      "cliente": {
        "nombre": "Cliente Demo",
        "telefono": "3001234567"
      },
      "detalles": [
        {
          "idDetalle": "1",
          "producto": {
            "idProducto": "2",
            "nombre": "Hamburguesa Clásica",
            "precio": 25000
          },
          "cantidad": 1,
          "precioUnitario": 25000,
          "subtotal": 25000,
          "personalizaciones": ""
        }
      ],
      "metodoPago": "Efectivo",
      "direccionEntrega": "Calle 5 #10-20, Cali",
      "total": 25000,
      "observaciones": "",
      "ultimaActualizacion": "2025-11-29T08:55:06.213Z",
      "repartidor": {
        "idUsuario": "3",
        "nombre": "Repartidor Demo",
        "telefono": "3005554321"
      }
    },
    {
      "id": "PED-1764406887848",
      "idPedido": "PED-1764406887848",
      "fechaHora": "2025-11-29T09:01:27.848Z",
      "estado": "Cancelado",
      "cliente": {
        "nombre": "Cliente Demo",
        "telefono": "3001234567"
      },
      "detalles": [
        {
          "idDetalle": "1",
          "producto": {
            "idProducto": "2",
            "nombre": "Hamburguesa Clásica",
            "precio": 25000
          },
          "cantidad": 1,
          "precioUnitario": 25000,
          "subtotal": 25000,
          "personalizaciones": ""
        }
      ],
      "metodoPago": "Efectivo",
      "direccionEntrega": "Calle 5 #10-20, Cali",
      "total": 25000,
      "observaciones": "",
      "motivoCancelacion": "Cambio de opinión",
      "ultimaActualizacion": "2025-11-29T09:01:35.204Z"
    },
    {
      "id": "PED-1764407728374",
      "idPedido": "PED-1764407728374",
      "fechaHora": "2025-11-29T09:15:28.374Z",
      "estado": "Cancelado",
      "cliente": {
        "nombre": "Cliente Demo",
        "telefono": "3001234567"
      },
      "detalles": [
        {
          "idDetalle": "1",
          "producto": {
            "idProducto": "2",
            "nombre": "Hamburguesa Clásica",
            "precio": 25000
          },
          "cantidad": 1,
          "precioUnitario": 25000,
          "subtotal": 25000,
          "personalizaciones": ""
        }
      ],
      "metodoPago": "Efectivo",
      "direccionEntrega": "Calle 5 #10-20, Cali",
      "total": 25000,
      "observaciones": "",
      "motivoCancelacion": "Cambio de opinión",
      "ultimaActualizacion": "2025-11-29T09:16:06.521Z"
    },
    {
      "id": "PED-1764407743010",
      "idPedido": "PED-1764407743010",
      "fechaHora": "2025-11-29T09:15:43.010Z",
      "estado": "Cancelado",
      "cliente": {
        "nombre": "Cliente Demo",
        "telefono": "3001234567"
      },
      "detalles": [
        {
          "idDetalle": "1",
          "producto": {
            "idProducto": "2",
            "nombre": "Hamburguesa Clásica",
            "precio": 25000
          },
          "cantidad": 1,
          "precioUnitario": 25000,
          "subtotal": 25000,
          "personalizaciones": ""
        }
      ],
      "metodoPago": "Efectivo",
      "direccionEntrega": "Calle 5 #10-20, Cali",
      "total": 25000,
      "observaciones": "",
      "motivoCancelacion": "no me gusta",
      "ultimaActualizacion": "2025-11-29T09:35:53.439Z"
    },
    {
      "id": "PED-1764407899913",
      "idPedido": "PED-1764407899913",
      "fechaHora": "2025-11-29T09:18:19.913Z",
      "estado": "Cancelado",
      "cliente": {
        "nombre": "Cliente Demo",
        "telefono": "3001234567"
      },
      "detalles": [
        {
          "idDetalle": "1",
          "producto": {
            "idProducto": "2",
            "nombre": "Hamburguesa Clásica",
            "precio": 25000
          },
          "cantidad": 1,
          "precioUnitario": 25000,
          "subtotal": 25000,
          "personalizaciones": ""
        }
      ],
      "metodoPago": "Efectivo",
      "direccionEntrega": "Calle 5 #10-20, Cali",
      "total": 25000,
      "observaciones": "",
      "motivoCancelacion": "Cambio de opinión",
      "ultimaActualizacion": "2025-11-29T09:34:57.137Z"
    },
    {
      "id": "PED-1764407979747",
      "idPedido": "PED-1764407979747",
      "fechaHora": "2025-11-29T09:19:39.747Z",
      "estado": "Cancelado",
      "cliente": {
        "nombre": "Cliente Demo",
        "telefono": "3001234567"
      },
      "detalles": [
        {
          "idDetalle": "1",
          "producto": {
            "idProducto": "2",
            "nombre": "Hamburguesa Clásica",
            "precio": 25000
          },
          "cantidad": 1,
          "precioUnitario": 25000,
          "subtotal": 25000,
          "personalizaciones": ""
        }
      ],
      "metodoPago": "Efectivo",
      "direccionEntrega": "Calle 5 #10-20, Cali",
      "total": 25000,
      "observaciones": "",
      "motivoCancelacion": "no me gusta",
      "ultimaActualizacion": "2025-11-29T09:28:50.277Z"
    },
    {
      "id": "PED-1764407993310",
      "idPedido": "PED-1764407993310",
      "fechaHora": "2025-11-29T09:19:53.310Z",
      "estado": "Cancelado",
      "cliente": {
        "nombre": "Cliente Demo",
        "telefono": "3001234567"
      },
      "detalles": [
        {
          "idDetalle": "1",
          "producto": {
            "idProducto": "2",
            "nombre": "Hamburguesa Clásica",
            "precio": 25000
          },
          "cantidad": 1,
          "precioUnitario": 25000,
          "subtotal": 25000,
          "personalizaciones": ""
        }
      ],
      "metodoPago": "Efectivo",
      "direccionEntrega": "Calle 5 #10-20, Cali",
      "total": 25000,
      "observaciones": "",
      "motivoCancelacion": "Cambio de opinión",
      "ultimaActualizacion": "2025-11-29T09:21:31.531Z"
    },
    {
      "id": "PED-1764408665880",
      "idPedido": "PED-1764408665880",
      "fechaHora": "2025-11-29T09:31:05.880Z",
      "estado": "Cancelado",
      "cliente": {
        "nombre": "Cliente Demo",
        "telefono": "3001234567"
      },
      "detalles": [
        {
          "idDetalle": "1",
          "producto": {
            "idProducto": "2",
            "nombre": "Hamburguesa Clásica",
            "precio": 25000
          },
          "cantidad": 1,
          "precioUnitario": 25000,
          "subtotal": 25000,
          "personalizaciones": ""
        }
      ],
      "metodoPago": "Efectivo",
      "direccionEntrega": "Calle 5 #10-20, Cali",
      "total": 25000,
      "observaciones": "",
      "motivoCancelacion": "no tengo plata",
      "ultimaActualizacion": "2025-11-29T09:31:27.576Z"
    },
    {
      "id": "PED-1764409365814",
      "idPedido": "PED-1764409365814",
      "fechaHora": "2025-11-29T09:42:45.814Z",
      "estado": "Cancelado",
      "cliente": {
        "nombre": "Cliente Demo",
        "telefono": "3001234567"
      },
      "detalles": [
        {
          "idDetalle": "1",
          "producto": {
            "idProducto": "5",
            "nombre": "Burrito Mexicano",
            "precio": 22000
          },
          "cantidad": 1,
          "precioUnitario": 22000,
          "subtotal": 22000,
          "personalizaciones": ""
        }
      ],
      "metodoPago": "Efectivo",
      "direccionEntrega": "Calle 5 #10-20, Cali",
      "total": 22000,
      "observaciones": "",
      "motivoCancelacion": "m",
      "ultimaActualizacion": "2025-11-29T09:42:59.680Z"
    },
    {
      "id": "PED-1764409567575",
      "idPedido": "PED-1764409567575",
      "fechaHora": "2025-11-29T09:46:07.575Z",
      "estado": "Cancelado",
      "cliente": {
        "nombre": "Cliente Demo",
        "telefono": "3001234567"
      },
      "detalles": [
        {
          "idDetalle": "1",
          "producto": {
            "idProducto": "3",
            "nombre": "Ensalada César",
            "precio": 18000
          },
          "cantidad": 1,
          "precioUnitario": 18000,
          "subtotal": 18000,
          "personalizaciones": ""
        }
      ],
      "metodoPago": "Efectivo",
      "direccionEntrega": "Calle 5 #10-20, Cali",
      "total": 18000,
      "observaciones": "",
      "motivoCancelacion": "ya no quiero",
      "ultimaActualizacion": "2025-11-29T09:46:31.848Z"
    },
    {
      "id": "PED-1764410717150",
      "idPedido": "PED-1764410717150",
      "fechaHora": "2025-11-29T10:05:17.150Z",
      "estado": "Cancelado",
      "cliente": {
        "idUsuario": "1764057690194",
        "nombre": "daniel",
        "telefono": "3364685455"
      },
      "detalles": [
        {
          "idDetalle": "1",
          "producto": {
            "idProducto": "2",
            "nombre": "Hamburguesa Clásica",
            "precio": 25000
          },
          "cantidad": 1,
          "precioUnitario": 25000,
          "subtotal": 25000,
          "personalizaciones": ""
        }
      ],
      "metodoPago": "Efectivo",
      "direccionEntrega": "calle 5#mes",
      "total": 25000,
      "observaciones": "",
      "motivoCancelacion": ".",
      "ultimaActualizacion": "2025-11-29T10:05:25.453Z"
    },
    {
      "id": "PED-1764410933491",
      "idPedido": "PED-1764410933491",
      "fechaHora": "2025-11-29T10:08:53.491Z",
      "estado": "Entregado",
      "cliente": {
        "nombre": "Cliente Demo",
        "telefono": "3001234567"
      },
      "detalles": [
        {
          "idDetalle": "1",
          "producto": {
            "idProducto": "2",
            "nombre": "Hamburguesa Clásica",
            "precio": 25000
          },
          "cantidad": 1,
          "precioUnitario": 25000,
          "subtotal": 25000,
          "personalizaciones": ""
        }
      ],
      "metodoPago": "Efectivo",
      "direccionEntrega": "Calle 5 #10-20, Cali",
      "total": 25000,
      "observaciones": "",
      "ultimaActualizacion": "2025-11-29T10:09:59.519Z",
      "repartidor": {
        "idUsuario": "3",
        "nombre": "Repartidor Demo",
        "telefono": "3005554321"
      }
    },
    {
      "id": "PED-1764632421863",
      "idPedido": "PED-1764632421863",
      "fechaHora": "2025-12-01T23:40:21.863Z",
      "estado": "Cancelado",
      "cliente": {
        "nombre": "Cliente Demo",
        "telefono": "3001234567"
      },
      "detalles": [
        {
          "idDetalle": "1",
          "producto": {
            "idProducto": "1",
            "nombre": "Pizza Hawaiana",
            "precio": 35000
          },
          "cantidad": 1,
          "precioUnitario": 35000,
          "subtotal": 35000,
          "personalizaciones": ""
        }
      ],
      "metodoPago": "Efectivo",
      "direccionEntrega": "Calle 5 #10-20, Cali",
      "total": 35000,
      "observaciones": "",
      "motivoCancelacion": "ya no quiero",
      "ultimaActualizacion": "2025-12-01T23:40:32.518Z"
    },
    {
      "id": "PED-1764647535566",
      "idPedido": "PED-1764647535566",
      "fechaHora": "2025-12-02T03:52:15.566Z",
      "estado": "En Ruta",
      "cliente": {
        "nombre": "Cliente Demo",
        "telefono": "3001234567"
      },
      "detalles": [
        {
          "idDetalle": "1",
          "producto": {
            "idProducto": "2",
            "nombre": "Hamburguesa Clásica",
            "precio": 25000
          },
          "cantidad": 1,
          "precioUnitario": 25000,
          "subtotal": 25000,
          "personalizaciones": ""
        }
      ],
      "metodoPago": "Efectivo",
      "direccionEntrega": "Calle 5 #10-20, Cali",
      "total": 25000,
      "observaciones": "",
      "ultimaActualizacion": "2025-12-02T03:54:11.220Z",
      "repartidor": {
        "idUsuario": "3",
        "nombre": "Repartidor Demo",
        "telefono": "3005554321"
      }
    }
  ],
  "inventario": [
    {
      "idInventario": "1",
      "ingrediente": "Queso Mozzarella",
      "cantidad": 15,
      "unidadMedida": "kg",
      "nivelMinimo": 5,
      "ultimaActualizacion": "2025-11-25T00:00:00.000Z",
      "id": "2796"
    },
    {
      "idInventario": "2",
      "ingrediente": "Tomate",
      "cantidad": 3,
      "unidadMedida": "kg",
      "nivelMinimo": 5,
      "ultimaActualizacion": "2025-11-25T00:00:00.000Z",
      "id": "a22b"
    },
    {
      "idInventario": "3",
      "ingrediente": "Lechuga",
      "cantidad": 8,
      "unidadMedida": "kg",
      "nivelMinimo": 3,
      "ultimaActualizacion": "2025-11-25T00:00:00.000Z",
      "id": "268d"
    },
    {
      "idInventario": "4",
      "ingrediente": "Carne Molida",
      "cantidad": 20,
      "unidadMedida": "kg",
      "nivelMinimo": 10,
      "ultimaActualizacion": "2025-11-25T00:00:00.000Z",
      "id": "b6ee"
    }
  ]
}